timestamp;prob_pause;prob_plank;prob_pull-up;prob_push-up;prob_squat
12:26:29.1765106789;0.999809447228472;0;3.7993067962815985e-05;5.867255822522566e-05;9.3887145339977e-05
12:26:29.1765106789;0.9998564079105563;0;3.66788990504574e-05;5.4680800531059504e-05;5.21131805726327e-05
12:26:29.1765106789;0.9998264677196858;0;3.7788522604387254e-05;4.2243918869644403e-05;9.361904812976718e-05
12:26:29.1765106789;0.9998002644460939;0;5.3841904446017e-05;3.452506280154921e-05;0.00011136858665850013
12:26:29.1765106789;0.9998614325686503;0;3.5421642678556964e-05;2.693361784622539e-05;7.621217082487419e-05
12:26:29.1765106789;0.9998886380126351;0;3.0796221835771576e-05;2.136971306754276e-05;5.913644781685434e-05
12:26:30.1765106790;0.999895773928074;0;1.8307107893633656e-05;1.6427500668214634e-05;6.931264942977577e-05
12:26:30.1765106790;0.9998650878696935;0;2.2365582481143065e-05;2.6094630811712705e-05;8.64519170136191e-05
12:26:30.1765106790;0.9998975673806854;0;1.8023132724920288e-05;1.9508664991008118e-05;6.490082159871235e-05
12:26:30.1765106790;0.9998999648259996;0;2.4019062038860284e-05;1.4266915059124585e-05;6.162998761283234e-05
12:26:30.1765106790;0.9997526145634765;0;1.9333969248691574e-05;9.13083931664005e-06;0.00021892062795814127
12:26:31.1765106791;0.9982114534623179;0;5.496614903677255e-05;8.641293788969051e-06;0.0017248198855668306
12:26:31.1765106791;0.9993906974661968;0;5.354131280910224e-05;2.7497342216520337e-06;0.0005529518821276724
12:26:31.1765106791;0.9993510488517359;0;6.561126065207645e-05;1.506120838712377e-06;0.0005818337667733431
12:26:31.1765106791;0.9988989653518274;0;7.07777144270949e-05;2.2796068606112385e-06;0.0010279773268848658
12:26:31.1765106791;0.9991960098591335;0;5.677038643625565e-05;2.019726252910914e-06;0.0007452000281773508
12:26:32.1765106792;0.9994748389534607;0;4.108681241632439e-05;1.0040540701083955e-06;0.0004830701800528914
12:26:32.1765106792;0.9993407626059536;0;2.7260863134870306e-05;4.39708145449913e-07;0.0006317752413451672
12:26:32.1765106792;0.9991322420926849;0;3.8994690839899704e-05;5.381672849580355e-07;0.0008281058399006724
12:26:32.1765106792;0.9986929718120336;0;4.907689071842469e-05;5.589522515947465e-07;0.0012573327403515577
12:26:32.1765106792;0.9990790436294787;0;5.650583261740394e-05;4.482081408241356e-07;0.000864002329763025
12:26:33.1765106793;0.9993364126648885;0;5.5722550314385444e-05;4.1970542952185497e-07;0.0006074450793676078
12:26:33.1765106793;0.9990037811260208;0;3.5656859836308286e-05;2.928279627667507e-07;0.0009602691861800849
12:26:33.1765106793;0.9994957449419601;0;2.1860594642930664e-05;1.1718810100092014e-07;0.0004822772752959281
12:26:33.1765106793;0.9994901430882379;0;9.361076990899164e-06;1.9575053045173263e-07;0.0005003000842407346
12:26:33.1765106793;0.9992226561097084;0;1.6767822671681643e-05;4.160303035405377e-07;0.0007601600373163819
12:26:34.1765106794;0.9994417140538019;0;2.0562529243761674e-05;3.441795968228689e-07;0.000537379237357527
12:26:34.1765106794;0.9998080055110208;0;6.0193624449311756e-06;6.17202218222701e-08;0.00018591340631246567
12:26:34.1765106794;0.999496188614188;0;1.2864314157923218e-05;2.800642562306166e-07;0.0004905477981083095
12:26:34.1765106794;0.9995981661069777;0;2.1249705241643824e-05;8.131353865792335e-07;0.0003797710523940623
12:26:35.1765106795;0.9998360827271995;0;1.4538076356984675e-05;5.414944439507963e-07;0.00014871849271003157
12:26:35.1765106795;0.9998843768693746;0;2.864287125703413e-05;1.549620378682448e-07;8.682529733050615e-05
12:26:35.1765106795;0.999216487536728;0;1.531238194729667e-05;5.825366997669335e-07;0.0007676175446249545
12:26:35.1765106795;0.999751655246655;0;1.906253964989446e-05;1.1856427590828389e-06;0.00022797736164648086
12:26:35.1765106795;0.999925125811842;0;1.9899371181963943e-05;3.3958917811105493e-06;5.157892519491725e-05
12:26:35.1765106795;0.9999723843928621;0;1.829611574066803e-05;3.214383070826443e-07;8.998053090181202e-06
12:26:36.1765106796;0.9999865956448275;0;7.5638095040631015e-06;7.151378440539702e-07;5.1254078243800905e-06
12:26:36.1765106796;0.9999977660851513;0;1.5141094991122372e-06;6.977641220373698e-08;6.500289373434498e-07
12:26:36.1765106796;0.9999915208305055;0;3.245621428504819e-06;1.7801581009280198e-07;5.055532255937578e-06
12:26:36.1765106796;0.9999923272362992;0;4.03698595619062e-06;3.403798984891182e-07;3.295397846159176e-06
12:26:37.1765106797;0.9999949450929648;0;1.3435633263725322e-06;3.362170559739752e-07;3.494335942377802e-06
12:26:37.1765106797;0.9999943114752057;0;2.5221281703124987e-06;2.483228911387414e-07;2.9180737328715622e-06
12:26:37.1765106797;0.9999838448938476;0;6.647888767474797e-06;6.209666594259033e-07;8.826646080706269e-06
12:26:37.1765106797;0.999636911621451;0;2.3307729861699045e-05;1.8185875205745106e-06;0.0003379620611667633
12:26:37.1765106797;0.7926085132348817;0;0.00025319168344140053;4.237404209561646e-05;0.20709604024887085
12:26:38.1765106798;0.7989067532798799;0;0.0001372149563394487;4.1574323404347524e-05;0.20091457664966583
12:26:38.1765106798;0.9493182585938484;0;7.630840264027938e-05;2.59335502050817e-05;0.05057938024401665
12:26:38.1765106798;0.4892036897363141;0;0.00043418590212240815;0.0001345037599094212;0.510227620601654
12:26:38.1765106798;0.5915780017458019;0;0.00013946897524874657;6.259576912270859e-05;0.4082198739051819
12:26:38.1765106798;0.9393087565913447;0;7.241821731440723e-05;4.1186744056176394e-05;0.0605776384472847
12:26:39.1765106799;0.8660415608028416;0;0.0001301777665503323;3.817075048573315e-05;0.13379009068012238
12:26:39.1765106799;0.37255208668648265;0;0.00030227896058931947;7.133311009965837e-05;0.6270744204521179
12:26:39.1765106799;0.3678028088725114;0;0.0006505370256491005;4.843651913688518e-05;0.6314982175827026
12:26:39.1765106799;0.8120196817508258;0;0.00041497417259961367;4.4691067159874365e-05;0.1875205934047699
12:26:39.1765106799;0.8759821991479839;0;0.0001126258575823158;4.075523611390963e-05;0.1238643005490303
12:26:40.1765106800;0.7639404491601454;0;0.00024682903313077986;3.261681194999255e-05;0.23578010499477386
12:26:40.1765106800;0.7127873344725231;0;0.00021573442791122943;2.5958084734156728e-05;0.2869710922241211
12:26:40.1765106800;0.9315252122723905;0;0.0001805318024707958;1.8446637113811448e-05;0.06827574968338013
12:26:40.1765106800;0.93623923404175;0;8.075504592852667e-05;1.041131963575026e-05;0.0636695995926857
12:26:40.1765106800;0.9305827815842349;0;0.0001063424424501136;2.1892032236792147e-05;0.06928898394107819
12:26:41.1765106801;0.811941863692482;0;0.00026932780747301877;2.161577867809683e-05;0.18776731193065643
12:26:41.1765106801;0.887243762590515;0;0.00015415370580740273;1.532467285869643e-05;0.11258669942617416
12:26:41.1765106801;0.8530488502492517;0;0.00015273562166839838;1.3482707799994387e-05;0.1467849314212799
12:26:41.1765106801;0.8708145413247621;0;0.0001330700033577159;1.5187267308647279e-05;0.12903708219528198
12:26:41.1765106801;0.6475296284370415;0;0.0004164553538430482;1.8304341210750863e-05;0.35203561186790466
12:26:42.1765106802;0.5049448060253781;0;0.00019854573474731296;1.6413721823482774e-05;0.4948401153087616
12:26:42.1765106802;0.8209842184951412;0;0.00025326316244900227;1.1094387446064502e-05;0.17875142395496368
12:26:42.1765106802;0.7335022710522026;0;0.0002943898143712431;9.114775821217336e-06;0.2661941647529602
12:26:42.1765106802;0.47452899274549054;0;0.00025539787020534277;7.195783382485388e-06;0.5252084136009216
12:26:42.1765106802;0.33910659532102727;0;0.00022018874005880207;8.121086466417182e-06;0.6606652140617371
12:26:43.1765106803;0.7096299766744778;0;0.0003316538059152663;1.1317355529172346e-05;0.29002705216407776
12:26:43.1765106803;0.6150397358878763;0;0.0003529165405780077;8.287751370517071e-06;0.3845991790294647
12:26:43.1765106803;0.7879509256345045;0;0.000159404706209898;5.230667738942429e-06;0.21188431978225708
12:26:43.1765106803;0.6901697897578742;0;0.00016074880841188133;6.821338956797263e-06;0.3096628785133362
12:26:43.1765106803;0.7217877481270989;0;0.0001938702625920996;3.4535078157205135e-06;0.2780149281024933
12:26:44.1765106804;0.8809474623662936;0;0.0002499584516044706;5.940037681284593e-06;0.11879663914442062
12:26:44.1765106804;0.9342357249176985;0;0.00014409598952624947;3.586327920857002e-06;0.06561659276485443
12:26:44.1765106804;0.9030814744864983;0;0.00016086518007796258;5.478684215631802e-06;0.09675218164920807
12:26:44.1765106804;0.8456041348872532;0;0.000317863974487409;5.433317710412666e-06;0.15407244861125946
12:26:44.1765106804;0.8523476429627408;0;0.0003437441773712635;7.132685823307838e-06;0.14730148017406464
12:26:45.1765106805;0.8651150147898079;0;0.00026356440503150225;9.993021194532048e-06;0.13461142778396606
12:26:45.1765106805;0.9314932249699268;0;0.00025004654889926314;1.0505448699404951e-05;0.06824634224176407
12:26:45.1765106805;0.7871792545083736;0;0.0006006184266880155;1.261599754798226e-05;0.21220751106739044
12:26:45.1765106805;0.7134554990589095;0;0.0007034994196146727;9.907733328873292e-06;0.2858312129974365
12:26:45.1765106805;0.7156161536458967;0;0.0013417095178738236;1.9703316866070963e-05;0.2830224335193634
12:26:46.1765106806;0.8455017071300972;0;0.0011102487333118916;1.7917054719873704e-05;0.15337024629116058
12:26:46.1765106806;0.9094129189870728;0;0.0009985195938497782;1.0238352842861786e-05;0.08957832306623459
12:26:46.1765106806;0.9766239759796917;0;0.0005596044939011335;5.6046242207230534e-06;0.022810934111475945
12:26:46.1765106806;0.9838845087397203;0;0.0003475882112979889;3.4114164009224623e-06;0.015764491632580757
12:26:46.1765106806;0.9942225370375581;0;0.0002611445961520076;2.664275825736695e-06;0.005513773299753666
12:26:47.1765106807;0.9954550876623216;0;0.00042551668593659997;2.8115705390518997e-06;0.004116464871913195
12:26:47.1765106807;0.9975566634556117;0;0.000192379200598225;9.295009704146651e-07;0.0022500278428196907
12:26:47.1765106807;0.9999798302069891;0;1.1751166312023997e-05;4.5287329442089685e-08;8.313734724652022e-06
12:26:47.1765106807;0.9999795245392988;0;1.75961267814273e-05;1.1328108939778758e-07;2.6468435407878133e-06
12:26:47.1765106807;0.9999926592559021;0;6.7810819928126875e-06;3.7747660996956256e-08;5.219144441070966e-07
12:26:48.1765106808;0.9999713716211218;0;2.7616973966360092e-05;8.238045978714581e-08;9.290244520343549e-07
12:26:48.1765106808;0.999967086394264;0;3.0301171136670746e-05;2.72942742185478e-07;2.3394918571284506e-06
12:26:48.1765106808;0.9999790254912;0;1.1689934581227135e-05;8.656418799546373e-07;8.41893233882729e-06
12:26:48.1765106808;0.9999427276670758;0;2.9325017749215476e-05;1.490998693043366e-05;1.3156537534086965e-05
12:26:49.1765106809;0.999960647926855;0;8.529676051693968e-06;1.927885205077473e-05;1.154354504251387e-05
12:26:49.1765106809;0.9998076295269129;0;1.9728235201910138e-05;0.00011553644435480237;5.7105793530354276e-05
12:26:49.1765106809;0.9997475442551149;0;1.420350145053817e-05;0.00015943276230245829;7.881948113208637e-05
12:26:49.1765106809;0.9998189204061418;0;8.347024959221017e-06;0.00011263777560088784;6.021400258759968e-05
12:26:49.1765106809;0.99982879711024;0;6.55238181934692e-06;0.00011414448817959055;5.050601976108737e-05
12:26:50.1765106810;0.9997795039103039;0;6.482796834461624e-06;0.000151958447531797;6.193563604028895e-05
12:26:50.1765106810;0.9998655253491506;0;2.768205604297691e-06;9.389262413606048e-05;3.781382110901177e-05
12:26:50.1765106810;0.9999089070463469;0;2.2763576907891547e-06;7.081048534018919e-05;1.7886901332531124e-05
12:26:50.1765106810;0.9999154003786543;0;1.6217921938732616e-06;6.711007154081017e-05;1.5748548321425915e-05
12:26:50.1765106810;0.9999285976869032;0;1.8240029930893797e-06;6.065904381102882e-05;8.919266292650718e-06
12:26:51.1765106811;0.9999569769854588;0;1.169727283922839e-06;3.6478726542554796e-05;5.374560714699328e-06
12:26:51.1765106811;0.9999273464095495;0;1.7835495782492217e-06;6.146993837319314e-05;9.400102499057539e-06
12:26:51.1765106811;0.9999402151643153;0;2.8454514904296957e-06;4.813955456484109e-05;8.919038918975275e-06
12:26:51.1765106811;0.9999068461575007;0;3.4223057809867896e-06;7.727654156042263e-05;1.245499515789561e-05
12:26:51.1765106811;0.9998860134423921;0;4.4000767047691625e-06;9.115679858950898e-05;1.8429682313580997e-05
12:26:52.1765106812;0.999802835216542;0;8.157123374985531e-06;0.0001499190548202023;3.920781455235556e-05
12:26:52.1765106812;0.9998696935044791;0;7.241847015393432e-06;8.561621507396922e-05;3.732922414201312e-05
12:26:52.1765106812;0.9998704901145175;0;1.387726024404401e-05;6.73335962346755e-05;4.8299029003828764e-05
12:26:52.1765106812;0.9998734511609655;0;9.180483175441623e-06;5.548120680032298e-05;6.188714905874804e-05
12:26:52.1765106812;0.9998843958510406;0;8.31291799840983e-06;5.551808499149047e-05;5.2011564548593014e-05
12:26:53.1765106813;0.9999306393756342;0;1.1359778909536544e-05;2.0243889593984932e-05;3.775695586227812e-05
12:26:53.1765106813;0.9999425051955768;0;1.0043184374808334e-05;1.5669851563870907e-05;3.1781768484506756e-05
12:26:53.1765106813;0.999954603520564;0;1.0203299098066054e-05;5.0512453526607715e-06;3.0141934985294938e-05
12:26:53.1765106813;0.9998752512037754;0;2.159586983907502e-05;2.6892392270383425e-05;7.614132482558489e-05
12:26:53.1765106813;0.9999232240734273;0;2.7031896024709567e-05;1.653558501857333e-05;3.3208445529453456e-05
12:26:54.1765106814;0.9998314151398517;0;5.294010406942107e-05;2.67406376224244e-05;8.89041184564121e-05
12:26:54.1765106814;0.9999307717980628;0;2.008645242312923e-05;1.156647067546146e-05;3.7575278838630766e-05
12:26:54.1765106814;0.9999912374262863;0;4.448051186045632e-06;5.202270472182136e-07;3.913504770025611e-06
12:26:54.1765106814;0.9999895208920293;0;4.944001830153866e-06;4.240833391122578e-07;5.051418156654108e-06
12:26:54.1765106814;0.9999925315309497;0;3.7065740343678044e-06;5.602647092928237e-07;3.142025661873049e-06
12:26:55.1765106815;0.9999844347549924;0;8.268514648079872e-06;1.2381186706988956e-06;5.999007044010796e-06
12:26:55.1765106815;0.9997067801605226;0;4.267276744940318e-05;1.405826878908556e-06;0.0002490816405043006
12:26:55.1765106815;0.9851299433685199;0;0.0001730005897115916;5.75108097109478e-05;0.014639545232057571
12:26:55.1765106815;0.9940872018887603;0;9.319714445155114e-05;5.172328746994026e-05;0.00576787767931819
12:26:55.1765106815;0.9942902490729466;0;7.087928679538891e-05;4.597829683916643e-05;0.005592893343418837
12:26:56.1765106816;0.9969829721067072;0;3.994676808360964e-05;1.712517587293405e-05;0.0029599559493362904
12:26:56.1765106816;0.9972230879793642;0;2.759858762146905e-05;1.0639960237313062e-05;0.0027389118913561106
12:26:56.1765106816;0.9965409329051909;0;8.019257802516222e-05;2.6194506062893197e-05;0.0033527992200106382
12:26:56.1765106816;0.9924471070007712;0;0.00012688444985542446;3.445284892222844e-05;0.007391674909740686
12:26:56.1765106816;0.9914640062925173;0;0.00012438911653589457;2.1981686586514115e-05;0.008389742113649845
12:26:57.1765106817;0.9940444418225525;0;4.705523679149337e-05;8.181412340491079e-06;0.005900321528315544
12:26:57.1765106817;0.9940275919207124;0;8.867832366377115e-05;1.0096672667714301e-05;0.0058737522922456264
12:26:57.1765106817;0.9848362032807927;0;0.00015558599261566997;2.2393242034013383e-05;0.01498593669384718
12:26:57.1765106817;0.9926338020641197;0;6.847601616755128e-05;9.474572834733408e-06;0.007288247346878052
12:26:57.1765106817;0.9930551319239385;0;5.9827903896803036e-05;1.1678871487674769e-05;0.006873480509966612
12:26:58.1765106818;0.9890538368053967;0;0.00012633447477128357;1.0641873814165592e-05;0.010809186846017838
12:26:58.1765106818;0.9823331127990969;0;0.000170272818650119;2.498425601515919e-05;0.01747163012623787
12:26:58.1765106818;0.9836051777892862;0;0.00017303609638474882;1.6328143829014152e-05;0.016205398365855217
12:26:58.1765106818;0.9917487282546062;0;6.663723615929484e-05;1.2047017662553117e-05;0.008172706700861454
12:26:59.1765106819;0.9884714500121845;0;5.427656651590951e-05;1.3307922017702367e-05;0.011460965499281883
12:26:59.1765106819;0.990915590988152;0;6.006272815284319e-05;1.9941515347454697e-05;0.009004523977637291
12:26:59.1765106819;0.9868769784789038;0;0.000117899187898729;2.466773185005877e-05;0.012980454601347446
12:26:59.1765106819;0.9873054540039448;0;3.9837421354604885e-05;2.4188186216633767e-05;0.012630639597773552
12:26:59.1765106819;0.9933436547944439;0;4.29773899668362e-05;1.0532905434956774e-05;0.006602954119443893
12:27:00.1765106820;0.995930668958863;0;2.2840058591100387e-05;1.4082629604672547e-05;0.004032527562230825
12:27:00.1765106820;0.9907676970815373;0;5.4992760851746425e-05;1.98769830603851e-05;0.009157671593129635
12:27:00.1765106820;0.9858662326951162;0;7.71959385019727e-05;3.756636579055339e-05;0.014019124209880829
12:27:00.1765106820;0.9950550405956164;0;5.3276238759281114e-05;1.5443940355908126e-05;0.004876358434557915
12:27:00.1765106820;0.99104174131935;0;5.404045441537164e-05;3.3741369406925514e-05;0.008870476856827736
12:27:01.1765106821;0.9815473962153192;0;0.0001951137965079397;5.5900403822306544e-05;0.01820194721221924
12:27:01.1765106821;0.971382235045894;0;0.0006185685051605105;0.0001574813068145886;0.027841715142130852
12:27:01.1765106821;0.9812478276435286;0;0.00034621654776856303;0.00019775383407250047;0.01820814236998558
12:27:01.1765106821;0.9619355366594391;0;0.0010199539829045534;0.0001749052171362564;0.03686954453587532
12:27:01.1765106821;0.9672559358878061;0;0.00173187127802521;0.00031115347519516945;0.030701039358973503
12:27:02.1765106822;0.9217191362113226;0;0.0053308280184865;0.00048196359421126544;0.07246801257133484
12:27:02.1765106822;0.8574993873480707;0;0.008868330158293247;0.002126942155882716;0.13150545954704285
12:27:02.1765106822;0.911946351028746;0;0.004077511839568615;0.00041380772017873824;0.08356232941150665
12:27:02.1765106822;0.9207979831262492;0;0.002716937568038702;0.0006221053772605956;0.07586297392845154
12:27:02.1765106822;0.9042560926754959;0;0.0035243043676018715;0.0009368403698317707;0.09128288179636002
12:27:03.1765106823;0.9414797592908144;0;0.0018083247123286128;0.001025606063194573;0.05568625032901764
12:27:03.1765106823;0.9215639850008301;0;0.003122142981737852;0.0005490168114192784;0.07476497441530228
12:27:03.1765106823;0.9350229433039203;0;0.002857660874724388;0.0004553695907816291;0.0616639070212841
12:27:03.1765106823;0.9629783158452483;0;0.0052931103855371475;0.000190180420759134;0.03153851255774498
12:27:03.1765106823;0.9852201623580186;0;0.0005474464851431549;0.00019026607333216816;0.014042125083506107
12:27:04.1765106824;0.9481813670427073;0;0.004902272950857878;0.0004301909066271037;0.04648616909980774
12:27:04.1765106824;0.9747430200804956;0;0.0012603789800778031;0.0001713112578727305;0.02382517047226429
12:27:04.1765106824;0.9718579456675798;0;0.002607366070151329;0.00013163755647838116;0.02540293149650097
12:27:04.1765106824;0.9702141124143964;0;0.0007367856451310217;0.00015880698629189283;0.028890235349535942
12:27:04.1765106824;0.9648800228897016;0;0.0027687461115419865;0.0002878399391192943;0.03206339105963707
12:27:05.1765106825;0.9817575858978671;0;0.0010797041468322277;0.00010258657130179927;0.017060063779354095
12:27:05.1765106825;0.9949841825073236;0;0.00024779789964668453;2.666800719453022e-05;0.004741232376545668
12:27:05.1765106825;0.9860054458040395;0;0.0005218990845605731;7.853496208554134e-05;0.013394239358603954
12:27:05.1765106825;0.9898811294133338;0;0.0007777453865855932;2.7104104447062127e-05;0.009314021095633507
12:27:05.1765106825;0.9838642245376832;0;0.001223089755512774;6.676032353425398e-05;0.014846044592559338
12:27:06.1765106826;0.9956624361657305;0;0.00024283876700792462;2.6201887521892786e-05;0.0040686423890292645
12:27:06.1765106826;0.9750944546540268;0;0.001067081349901855;0.0002822185051627457;0.023556245490908623
12:27:06.1765106826;0.9916449774937064;0;0.00028949318220838904;2.2836185962660238e-05;0.008042693138122559
12:27:06.1765106826;0.9890663793266867;0;0.000383613514713943;5.303502985043451e-05;0.010496852919459343
12:27:06.1765106826;0.9965735459554708;0;0.00012341790716163814;1.9183193217031658e-05;0.003283972153440118
12:27:07.1765106827;0.9937536854886275;0;0.00021877734980080277;5.7560620916774496e-05;0.005969857331365347
12:27:07.1765106827;0.9945663750913809;0;0.00010358859435655177;2.7789654268417507e-05;0.005302127450704575
12:27:07.1765106827;0.9924171076472703;0;0.0002767621190287173;2.6823117877938785e-05;0.007279426325112581
12:27:07.1765106827;0.9969392225493721;0;0.00012351231998763978;1.0562286661297549e-05;0.002926702843979001
12:27:07.1765106827;0.9980086463046973;0;4.677780452766456e-05;1.2941974091518205e-05;0.001931633916683495
12:27:08.1765106828;0.9988991959246505;0;1.5691652151872404e-05;3.5034888696827693e-06;0.00108160893432796
12:27:08.1765106828;0.9995208257438435;0;7.259273388626752e-06;1.6786024161774549e-06;0.00047023638035170734
12:27:08.1765106828;0.9998220719839992;0;2.116486939485185e-06;3.547797859937418e-07;0.00017545674927532673
12:27:08.1765106828;0.9997254596477205;0;4.183960754744476e-06;1.1694174872900476e-06;0.00026906776474788785
12:27:08.1765106828;0.9997663067587723;0;2.3556328869744902e-06;7.280380600604985e-07;0.00023060957028064877
12:27:09.1765106829;0.9998410358803085;0;6.755483809683938e-06;2.1848945834790356e-06;0.00015026215987745672
12:27:09.1765106829;0.9999907118444753;0;1.251681283065409e-06;1.5912689832475735e-07;7.817742698534857e-06
12:27:09.1765106829;0.99999794805845;0;2.99638827527815e-07;1.5875727399361494e-07;1.5935454484861111e-06
12:27:09.1765106829;0.9999993971001118;0;1.4129381042948808e-07;1.213223583818035e-07;4.5949300897518697e-07
12:27:10.1765106830;0.9999766796422591;0;2.999255229951814e-06;1.5336654541897587e-05;4.805634034710238e-06
12:27:10.1765106830;0.9998196459591782;0;8.085972694971133e-06;0.00014642873429693282;2.583933382993564e-05
12:27:10.1765106830;0.999901405930359;0;1.0037943866336718e-05;7.475701568182558e-05;1.3739505448029377e-05
12:27:10.1765106830;0.9998217173997546;0;2.032222801062744e-05;0.00013676520029548556;2.1075962649774738e-05
12:27:10.1765106830;0.999828027031981;0;2.402047539362684e-05;0.0001246069004992023;2.3464801415684633e-05
12:27:11.1765106831;0.9998886393277644;0;2.3291027900995687e-05;6.679145008092746e-05;2.127819425368216e-05
12:27:11.1765106831;0.9999107087387529;0;4.2600109736667946e-05;3.253030081395991e-05;1.4101246051723137e-05
12:27:11.1765106831;0.999887372190642;0;5.152867015567608e-05;3.7784157029818743e-05;2.3314982172450982e-05
12:27:11.1765106831;0.9999011165018601;0;4.781045572599396e-05;2.1961233869660646e-05;2.9111808544257656e-05
12:27:11.1765106831;0.9998904042076902;0;4.925061875837855e-05;1.8762366380542517e-05;4.152320252615027e-05
12:27:12.1765106832;0.999933728605356;0;4.0198832721216604e-05;7.83254381531151e-06;1.8359227397013456e-05
12:27:12.1765106832;0.9999347933744502;0;3.892120366799645e-05;8.063833774940576e-06;1.8221588106825948e-05
12:27:12.1765106832;0.9998283349195844;0;0.00011378231283742934;1.8232098227599636e-05;3.965066935052164e-05
12:27:12.1765106832;0.999879247860008;0;7.299705612240359e-05;1.2422706276993267e-05;3.5332377592567354e-05
12:27:12.1765106832;0.9999147962553252;0;6.396990647772327e-05;4.173582055955194e-06;1.6941046851570718e-05
12:27:13.1765106833;0.9999542175214629;0;2.6652360247680917e-05;1.7517081687401515e-06;1.7259200831176713e-05
12:27:13.1765106833;0.9999837348395886;0;9.108201993512921e-06;7.436347004841082e-07;6.294114427873865e-06
12:27:13.1765106833;0.9999810844352339;0;8.509551662427839e-06;3.670533317290392e-07;1.0038959771918599e-05
12:27:13.1765106833;0.9999884589054773;0;4.072724550496787e-06;1.9725359834410483e-07;7.271116373885889e-06
12:27:13.1765106833;0.9999957586616972;0;9.884678320304374e-07;7.835379278731125e-08;3.1745166779728606e-06
12:27:14.1765106834;0.9999951990217824;0;1.7485621128798812e-06;7.246399036375806e-08;2.979952114401385e-06
12:27:14.1765106834;0.9999927459892497;0;2.3153618258220376e-06;5.1259956279636754e-08;4.887388968199957e-06
12:27:14.1765106834;0.9999853474603029;0;2.041155539700412e-06;4.941605169506147e-08;1.2561968105728738e-05
12:27:14.1765106834;0.9999915774237991;0;8.459556966045056e-07;4.034458811474906e-08;7.536275916208979e-06
12:27:14.1765106834;0.9999957971943836;0;8.14202280707832e-07;3.4308886398548566e-08;3.4735037388600176e-06
12:27:15.1765106835;0.9999875681240127;0;1.0328157031835872e-06;3.0104573056632944e-08;1.1309351066302042e-05
12:27:15.1765106835;0.9999812374120154;0;8.092490588751389e-07;3.9170942045529955e-08;1.7914167983690277e-05
12:27:15.1765106835;0.9999922632143843;0;4.760753711252619e-07;3.193721553884643e-08;7.109563739504665e-06
12:27:15.1765106835;0.9999815761407511;0;4.301648459659191e-07;4.8481727077387404e-08;1.7826003386289813e-05
12:27:15.1765106835;0.9999676031562394;0;1.1554029697435908e-06;3.111874136152437e-08;3.109111275989562e-05
12:27:16.1765106836;0.999978015099316;0;5.140261691849446e-07;6.117642215031083e-08;2.1290488803060725e-05
12:27:16.1765106836;0.9999512863929567;0;9.791665434022434e-07;4.972501983502298e-07;4.717758565675467e-05
12:27:16.1765106836;0.9999109908504238;0;6.57853036045708e-07;7.349716497628833e-07;8.743751095607877e-05
12:27:16.1765106836;0.9999561139674142;0;5.164647518540733e-07;3.790374876189162e-07;4.2930925701512024e-05
12:27:16.1765106836;0.9999910373574323;0;1.0314531095900747e-07;4.313262707000831e-07;8.428170986007899e-06
12:27:17.1765106837;0.9996953206642729;0;1.5511981246163487e-06;5.318694456946105e-05;0.00024994119303300977
12:27:17.1765106837;0.9974783860816387;0;7.307273335754871e-06;0.00016275323287118226;0.002351434202864766
12:27:17.1765106837;0.9914624710872886;0;1.5884281310718507e-05;0.001680936897173524;0.006840648129582405
12:27:17.1765106837;0.9250352123417542;0;6.962924817344174e-05;0.03195936977863312;0.04293566942214966
12:27:17.1765106837;0.8310524494117999;0;4.706450636149384e-05;0.1460658311843872;0.02283477410674095
12:27:18.1765106838;0.9036410978369531;0;2.305057569174096e-05;0.08522729575634003;0.01110855583101511
12:27:18.1765106838;0.49988260462123435;0;0.00014197111886460334;0.4704936444759369;0.029481779783964157
12:27:18.1765106838;0.3626479463564465;0;0.00022190120944287628;0.6204274296760559;0.016702663153409958
12:27:18.1765106838;0.4564097677648533;0;0.00015456925029866397;0.5283501744270325;0.015085488557815552
12:27:18.1765106838;0.5666977388464147;0;0.0001657942630117759;0.4162008464336395;0.016935620456933975
12:27:19.1765106839;0.5233163845041418;0;0.00011594432726269588;0.47110167145729065;0.005465820897370577
12:27:19.1765106839;0.9347761656754301;0;6.170229607960209e-05;0.06031790375709534;0.004844228271394968
12:27:19.1765106839;0.998300201929851;0;1.150538355432218e-05;0.0013548138085752726;0.0003334192733746022
12:27:19.1765106839;0.999891249666689;0;2.269145625177771e-06;8.784730016486719e-05;1.8633887520991266e-05
12:27:19.1765106839;0.9999112209229679;0;2.581260105216643e-06;7.042214565444738e-05;1.5775671272422187e-05
12:27:20.1765106840;0.999948700271716;0;1.963742079169606e-06;4.252576763974503e-05;6.810218565078685e-06
12:27:20.1765106840;0.9999283123495388;0;2.4167359242710518e-06;5.6400738685624674e-05;1.2870175851276144e-05
12:27:20.1765106840;0.9998625375517349;0;1.4157969872030662e-06;0.00012410819181241095;1.1938459465454798e-05
12:27:20.1765106840;0.9994510460055608;0;1.8203794752480462e-05;0.0004620112886186689;6.885812035761774e-05
12:27:21.1765106841;0.9927273988141678;0;4.333510878495872e-05;0.006939650513231754;0.0002895559591706842
12:27:21.1765106841;0.9831857757926628;0;1.6650159523123875e-05;0.01659652218222618;0.00020117107487749308
12:27:21.1765106841;0.9854762059330824;0;8.765902748564258e-05;0.014015477150678635;0.00042053867946378887
12:27:21.1765106841;0.9764776156698645;0;3.5124638088745996e-05;0.0231954213231802;0.00029177876422181726
12:27:21.1765106841;0.9596819473808864;0;3.527080116327852e-05;0.03991192579269409;0.0003708560252562165
12:27:22.1765106842;0.9807673527757288;0;2.9144786822143942e-05;0.0190007034689188;0.00020267975924070925
12:27:22.1765106842;0.9836652906160452;0;4.628334863809869e-05;0.01604388654232025;0.00024453949299640954
12:27:22.1765106842;0.9878144316371618;0;1.0579542504274286e-05;0.012076142244040966;9.908499487210065e-05
12:27:22.1765106842;0.944251391600119;0;4.401526530273259e-05;0.05545533820986748;0.00024925492471084
12:27:22.1765106842;0.9515505021627177;0;9.726869029691443e-05;0.047989487648010254;0.00036262228968553245
12:27:23.1765106843;0.9014105776441284;0;7.009372347965837e-05;0.09814589470624924;0.00037343392614275217
12:27:23.1765106843;0.9898497945532654;0;1.3910904272051994e-05;0.009978272952139378;0.0001581407996127382
12:27:23.1765106843;0.9853574280969042;0;2.784909520414658e-05;0.014470648020505905;0.0001443132059648633
12:27:23.1765106843;0.9754735293754493;0;3.857790579786524e-05;0.02437577024102211;0.00011200326844118536
12:27:23.1765106843;0.9749994617632183;0;3.938623922294937e-05;0.024776950478553772;0.0001842015190050006
12:27:24.1765106844;0.9939404232427478;0;1.5648925909772515e-05;0.005949881859123707;9.398636757396162e-05
12:27:24.1765106844;0.9788871177734109;0;0.00017342080536764115;0.02075652778148651;0.00018281443044543266
12:27:24.1765106844;0.8444851012754953;0;0.00040672096656635404;0.15491166710853577;0.00019674906798172742
12:27:24.1765106844;0.9597918472718447;0;0.00033645465737208724;0.03950619325041771;0.0003655048203654587
12:27:24.1765106844;0.9633119249774609;0;0.0002753971784841269;0.03609386086463928;0.00031881697941571474
12:27:25.1765106845;0.861636994057335;0;0.0005430572782643139;0.136901393532753;0.0009186743409372866
12:27:25.1765106845;0.7690332127676811;0;0.0005055348738096654;0.23013608157634735;0.00032517078216187656
12:27:25.1765106845;0.9092107489414047;0;0.00016408567898906767;0.09052546322345734;9.98213654384017e-05
12:27:25.1765106845;0.8207205838116352;0;0.0007678551482968032;0.1781039834022522;0.00040781605639494956
12:27:25.1765106845;0.4069064777577296;0;0.001857197261415422;0.5904536247253418;0.0007826406508684158
12:27:26.1765106846;0.3878817296208581;0;0.00101391039788723;0.6109760403633118;0.00012855803652200848
12:27:26.1765106846;0.4522460223088274;0;0.000872372358571738;0.5467373132705688;0.00014429206203203648
12:27:26.1765106846;0.3640076983429026;0;0.003135679755359888;0.6325711011886597;0.0002854015037883073
12:27:26.1765106846;0.2735156855342211;0;0.0010446964297443628;0.7252640724182129;0.00017548601317685097
12:27:26.1765106846;0.18718601102591492;0;0.001319738570600748;0.8114039301872253;9.043942554853857e-05
12:27:27.1765106847;0.5182045890396694;0;0.0010197408264502883;0.48053476214408875;0.00024090798979159445
12:27:27.1765106847;0.3810963442956563;0;0.002603210974484682;0.6161227226257324;0.00017748368554748595
12:27:27.1765106847;0.31765714110952104;0;0.002229077508673072;0.6800128817558289;0.00010101883526658639
12:27:27.1765106847;0.27226711048569996;0;0.0010932345176115632;0.7265831828117371;5.641258030664176e-05
12:27:27.1765106847;0.5450774606433697;0;0.0031463417690247297;0.45126575231552124;0.0005104452720843256
12:27:28.1765106848;0.446424049383495;0;0.003033350221812725;0.550390899181366;0.00015170121332630515
12:27:28.1765106848;0.32564544269553153;0;0.00234658969566226;0.6719121932983398;9.577431046636775e-05
12:27:28.1765106848;0.29351015931752045;0;0.002912789350375533;0.7033966183662415;0.00018037336121778935
12:27:28.1765106848;0.6040919142251369;0;0.0023085298016667366;0.3931460678577423;0.0004534881154540926
12:27:28.1765106848;0.4098996074317256;0;0.005231382790952921;0.5847396850585938;0.000129443928017281
12:27:29.1765106849;0.4320415059046354;0;0.002188685117289424;0.5656052231788635;0.00016470500850118697
12:27:29.1765106849;0.7125674146227539;0;0.0028254371136426926;0.2843380570411682;0.000269091222435236
12:27:29.1765106849;0.3596468771866057;0;0.003448974806815386;0.6366515159606934;0.000252632045885548
12:27:29.1765106849;0.432345790672116;0;0.003131823381409049;0.5643950700759888;0.00012743507977575064
12:27:29.1765106849;0.5598478620522656;0;0.0035076006315648556;0.43614572286605835;0.0004988144501112401
12:27:30.1765106850;0.4548888488789089;0;0.0022809822112321854;0.5423608422279358;0.0004693266819231212
12:27:30.1765106850;0.35265998454997316;0;0.00298232096247375;0.6441970467567444;0.0001606477308087051
12:27:30.1765106850;0.45301741996081546;0;0.003254479030147195;0.543592631816864;0.00013540958752855659
12:27:30.1765106850;0.34119983026903355;0;0.0022670445032417774;0.656470537185669;6.270725134527311e-05
12:27:30.1765106850;0.6311831338680349;0;0.0012482883175835013;0.3671373724937439;0.0004313245299272239
12:27:31.1765106851;0.5794426820939407;0;0.0014161745784804225;0.41887781023979187;0.00026333308778703213
12:27:31.1765106851;0.7117182152578607;0;0.0007391065591946244;0.28640609979629517;0.001136518782004714
12:27:31.1765106851;0.7655681897012983;0;0.0002412176108919084;0.23381364345550537;0.00037688962765969336
12:27:31.1765106851;0.8464543577647419;0;5.322691140463576e-05;0.15124283730983734;0.0022494588047266006
12:27:31.1765106851;0.823936669548857;0;9.637682524044067e-05;0.1741364300251007;0.0018304043915122747
12:27:32.1765106852;0.8662822021797183;0;7.309485954465345e-05;0.13271255791187286;0.0009322642581537366
12:27:32.1765106852;0.9816109613057051;0;4.0153459849534556e-05;0.017248481512069702;0.0011004037223756313
12:27:32.1765106852;0.961072947451612;0;6.330237374641001e-05;0.032748498022556305;0.0061151329427957535
12:27:32.1765106852;0.9435659308728646;0;6.253954052226618e-05;0.04641487076878548;0.009956480003893375
12:27:32.1765106852;0.9832888044984429;0;4.6582928916905075e-05;0.011717562563717365;0.004947169218212366
12:27:33.1765106853;0.900588774762582;0;0.0002512618084438145;0.010437391698360443;0.08872269093990326
12:27:33.1765106853;0.832636446779361;0;0.0004464412631932646;0.0038316959980875254;0.16308541595935822
12:27:33.1765106853;0.9360578489140607;0;0.0003905919729731977;0.0030673956498503685;0.06048404425382614
12:27:33.1765106853;0.9199583316221833;0;0.0018811258487403393;0.006528567057102919;0.07163185626268387
12:27:33.1765106853;0.9463325592223555;0;0.0010059208143502474;0.003839582670480013;0.048822056502103806
12:27:34.1765106854;0.9706192250596359;0;0.0007537505589425564;0.0010708378395065665;0.02755606733262539
12:27:34.1765106854;0.983684855455067;0;0.0003687633143272251;0.00038634936208836734;0.015559972263872623
12:27:34.1765106854;0.9890117414761335;0;0.0007217557867988944;0.00037638319190591574;0.009890059940516949
12:27:34.1765106854;0.9982949236546119;0;0.00027099880389869213;3.8200323615456e-05;0.001395877217873931
12:27:35.1765106855;0.9987407261705812;0;0.0001642618590267375;1.8814485883922316e-05;0.0010761974845081568
12:27:35.1765106855;0.9998252813738873;0;3.385161835467443e-05;5.2681289162137546e-06;0.00013559887884184718
12:27:35.1765106855;0.99980586622587;0;7.127076969482005e-05;4.9356876843376085e-06;0.00011786771210609004
12:27:35.1765106855;0.9999772624692014;0;1.586710823175963e-05;2.4476648832205683e-06;4.422757683641976e-06
12:27:35.1765106855;0.9999946362608227;0;3.6883543543808628e-06;4.683697341079096e-07;1.0878057992158574e-06
12:27:36.1765106856;0.9999974719192437;0;1.7695040241960669e-06;2.069855895570072e-07;4.323818529883283e-07
12:27:36.1765106856;0.9999838910684957;0;1.2120534847781528e-05;1.2095472357032122e-06;2.6596401312417584e-06
12:27:36.1765106856;0.999974573847112;0;2.0568013496813364e-05;2.193793534388533e-06;2.6643458568287315e-06
12:27:36.1765106856;0.9999781768374305;0;1.7048465451807715e-05;2.69965676125139e-06;1.9558310668799095e-06
12:27:36.1765106856;0.9999951790008339;0;3.985459443356376e-06;1.8161735226840392e-07;5.347130809241207e-07
12:27:37.1765106857;0.9999612640376654;0;2.0576633687596768e-05;4.839033863390796e-06;1.3439504073176067e-05
12:27:37.1765106857;0.9999804468218372;0;1.0382319487689529e-05;2.9732602797594154e-06;6.197598395374371e-06
12:27:37.1765106857;0.9999796747490564;0;1.239026641997043e-05;2.081445245494251e-06;5.9727485677285586e-06
12:27:37.1765106857;0.9999722575760188;0;2.0951067199348472e-05;2.3637437607249012e-06;4.308403731556609e-06
12:27:37.1765106857;0.9999195010968833;0;7.096328772604465e-05;4.606850779964589e-06;4.869159965892322e-06
12:27:38.1765106858;0.9998857525606581;0;9.097576548811048e-05;1.0725910215114709e-05;1.2486158993851859e-05
12:27:38.1765106858;0.9999562036173302;0;1.9864603018504567e-05;2.1678308257833123e-05;2.3726806830381975e-06
12:27:38.1765106858;0.999845788458515;0;6.977258453844115e-05;7.402637129416689e-05;1.0352981007599737e-05
12:27:38.1765106858;0.9999848417960493;0;1.0143859071831685e-05;3.965254109061789e-06;1.1683000593620818e-06
12:27:38.1765106858;0.9999862450904402;0;6.420191766665084e-06;6.512842446682043e-06;8.21875346446177e-07
12:27:39.1765106859;0.9999869557680654;0;1.8032601474260446e-06;1.0644680514815263e-05;3.5787269325737725e-07
12:27:39.1765106859;0.999981281725411;0;4.816041382582625e-06;1.2955259990121704e-05;8.277639267362247e-07
12:27:39.1765106859;0.9999854437064073;0;7.862930942792445e-06;5.892423359910026e-06;7.413346452267433e-07
12:27:39.1765106859;0.9999903326489061;0;2.3477468857890926e-06;6.456091796280816e-06;8.03907767021883e-07
12:27:39.1765106859;0.9999859361915924;0;1.5468621086256462e-06;1.1707074008882046e-05;8.098722901195288e-07
12:27:40.1765106860;0.9999833691678361;0;1.660294174143928e-06;1.457116195524577e-05;3.993760344656039e-07
12:27:40.1765106860;0.9999525876404505;0;5.676186447090004e-06;4.0398688724962994e-05;1.5759029565742821e-06
12:27:40.1765106860;0.9999528587620716;0;5.437871550384443e-06;3.922806354239583e-05;2.415698190816329e-06
12:27:40.1765106860;0.9999778597431259;0;3.5549464882933535e-06;1.718223029456567e-05;1.1646615121208015e-06
12:27:40.1765106860;0.9999736841674007;0;6.678234512946801e-06;1.8949482182506472e-05;6.881159038130136e-07
12:27:41.1765106861;0.999955447073944;0;9.792551281861961e-06;3.253738032071851e-05;2.1037851638538996e-06
12:27:41.1765106861;0.9999964870666815;0;1.3807559753331589e-06;1.8847766796170617e-06;3.666099530619249e-07
12:27:41.1765106861;0.9999975420661826;0;9.567263532517245e-07;1.2951580856679357e-06;2.0604937844836968e-07
12:27:41.1765106861;0.9999976611045156;0;8.323252700392914e-07;1.4242115184970316e-06;2.0156798541393073e-07
12:27:41.1765106861;0.9999923191389257;0;1.4965384025344974e-06;5.397847417043522e-06;7.864752546993259e-07
12:27:42.1765106862;0.999990752482006;0;8.998600264931156e-07;6.842637503723381e-06;1.3858111742592882e-06
12:27:42.1765106862;0.9999939571605978;0;8.648940479361045e-07;3.898478098562919e-06;1.219862610923883e-06
12:27:42.1765106862;0.999994864364794;0;5.194452796786209e-07;3.2833299883350264e-06;1.3328599379747175e-06
12:27:42.1765106862;0.9999437451824633;0;2.6528678063186817e-06;4.355476994533092e-05;1.0047179785033222e-05
12:27:42.1765106862;0.9914541168036521;0;4.8012901970651e-05;0.007368212565779686;0.0011296577285975218
12:27:43.1765106863;0.9747375855513383;0;0.00012535179848782718;0.017418742179870605;0.007718260865658522
12:27:43.1765106863;0.7973377541929949;0;0.0002507804601918906;0.16589407622814178;0.036517269909381866
12:27:43.1765106863;0.6637724302709103;0;0.0010004080832004547;0.17740124464035034;0.15782591700553894
12:27:43.1765106863;0.6830839974572882;0;0.0007097708294168115;0.18748392164707184;0.1287224292755127
12:27:43.1765106863;0.7250451430445537;0;0.0007231474155560136;0.11766550689935684;0.15656620264053345
12:27:44.1765106864;0.8493479958269745;0;0.00022480799816548824;0.11455333977937698;0.03587385639548302
12:27:44.1765106864;0.7909726232755929;0;0.000599046004936099;0.14488042891025543;0.06354790180921555
12:27:44.1765106864;0.7477129645412788;0;0.0008116677636280656;0.21464160084724426;0.03683376684784889
12:27:44.1765106864;0.966251195903169;0;0.0001826029911171645;0.029420185834169388;0.004146134480834007
12:27:44.1765106864;0.8861500895727659;0;8.502461423631757e-05;0.10946241021156311;0.004302475601434708
12:27:45.1765106865;0.9567902128765127;0;1.9955463358201087e-05;0.0425686314702034;0.0006212001899257302
12:27:45.1765106865;0.956159772213141;0;3.1550553103443235e-05;0.04320388287305832;0.0006046751514077187
12:27:45.1765106865;0.9370494428258098;0;6.026921982993372e-05;0.061890143901109695;0.0010001440532505512
12:27:45.1765106865;0.9678791665428434;0;2.7957394195254892e-05;0.03167829290032387;0.00041446395334787667
12:27:45.1765106865;0.9749767662324302;0;2.7252284780843183e-05;0.02481692098081112;0.00017906050197780132
12:27:46.1765106866;0.8998560275795171;0;6.516069697681814e-05;0.09972045570611954;0.00035835601738654077
12:27:46.1765106866;0.7516897186724236;0;0.00014227484643924981;0.24750936031341553;0.000658586563076824
12:27:46.1765106866;0.6533307048666757;0;0.00021748505241703242;0.34623128175735474;0.00022052832355257124
12:27:46.1765106866;0.5255204853019677;0;0.00045595859410241246;0.4736909866333008;0.00033250986598432064
12:27:47.1765106867;0.4708279079932254;0;0.00047808379167690873;0.5284741520881653;0.0002198561269324273
12:27:47.1765106867;0.6071820897923317;0;0.0012644241796806455;0.3911542594432831;0.0003992265847045928
12:27:47.1765106867;0.745132704556454;0;0.0024347815196961164;0.2519610822200775;0.00047143170377239585
12:27:47.1765106867;0.816543017863296;0;0.002864288631826639;0.18005718290805817;0.000535510596819222
12:27:47.1765106867;0.876064834126737;0;0.0021730593871325254;0.12131696194410324;0.00044502533273771405
12:27:48.1765106868;0.8987124394334387;0;0.0022968121338635683;0.09869509935379028;0.0002956490789074451
12:27:48.1765106868;0.9243041713198181;0;0.002536899410188198;0.07283899188041687;0.00031981818028725684
12:27:48.1765106868;0.9577348435705062;0;0.002318374114111066;0.03961605578660965;0.0003307265287730843
12:27:48.1765106868;0.9620316406653728;0;0.0019090014975517988;0.03577282652258873;0.0002865313144866377
12:27:48.1765106868;0.9638060956785921;0;0.0018250893335789442;0.03402715548872948;0.0003416594990994781
12:27:49.1765106869;0.9639313687803224;0;0.0020153471268713474;0.03367845341563225;0.00037477107252925634
12:27:49.1765106869;0.9780957085022237;0;0.001877015340141952;0.019634926691651344;0.00039246867527253926
12:27:49.1765106869;0.9846806001442019;0;0.0013966984115540981;0.013622813858091831;0.00029988758615218103
12:27:49.1765106869;0.9830601108260453;0;0.0015930702211335301;0.015014095231890678;0.0003328429302200675
12:27:49.1765106869;0.985306965187192;0;0.0011157294502481818;0.013282742351293564;0.00029450340662151575
12:27:50.1765106870;0.9860324538312852;0;0.0010709750931710005;0.012641852721571922;0.00025465874932706356
12:27:50.1765106870;0.9869232468481641;0;0.0009690029546618462;0.011871244758367538;0.0002365054388064891
12:27:50.1765106870;0.9858073912619147;0;0.0009316295036114752;0.013029837980866432;0.00023108164896257222
12:27:50.1765106870;0.9838773659575963;0;0.0007901430944912136;0.0151000851765275;0.00023228656209539622
12:27:50.1765106870;0.9840497622208204;0;0.0008074998040683568;0.014933078549802303;0.00020977863459847867
12:27:51.1765106871;0.9854963512043469;0;0.0006430629291571677;0.013633624650537968;0.00022690161131322384
12:27:51.1765106871;0.9832465835934272;0;0.0007475781603716314;0.015790177509188652;0.0002155415277229622
12:27:51.1765106871;0.9802002213546075;0;0.0007255462696775794;0.018819697201251984;0.00025453517446294427
12:27:51.1765106871;0.9767019231221639;0;0.0009583599166944623;0.022102680057287216;0.00023703690385445952
12:27:51.1765106871;0.9780184142000508;0;0.0008575886022299528;0.02083948254585266;0.00028439544257707894
12:27:52.1765106872;0.9787304691271856;0;0.0009352801716886461;0.01999599114060402;0.00033825956052169204
12:27:52.1765106872;0.9748142737953458;0;0.0010396578582003713;0.02374589815735817;0.0004002893983852118
12:27:52.1765106872;0.9802369347016793;0;0.0009641198557801545;0.018479125574231148;0.0003199390775989741
12:27:52.1765106872;0.9798035906278528;0;0.0010709400521591306;0.01874195970594883;0.00038350961403921247
12:27:52.1765106872;0.9811473266454414;0;0.0008657381404191256;0.017612110823392868;0.0003748243907466531
12:27:53.1765106873;0.977689411432948;0;0.0009624328231438994;0.02090200036764145;0.0004461553762666881
12:27:53.1765106873;0.9832245951693039;0;0.0007152729667723179;0.015681564807891846;0.00037856705603189766
12:27:53.1765106873;0.9810449725482613;0;0.0007648906903341413;0.01784573681652546;0.00034434034023433924
12:27:53.1765106873;0.9796245218312833;0;0.0007295516552403569;0.019235119223594666;0.00041080728988163173
12:27:53.1765106873;0.979804898641305;0;0.000747722340747714;0.01903749257326126;0.0004098864446859807
12:27:54.1765106874;0.9792582266090903;0;0.000719012226909399;0.019714761525392532;0.0003079996386077255
12:27:54.1765106874;0.9791973229148425;0;0.0008463893318548799;0.01959984004497528;0.0003564477083273232
12:27:54.1765106874;0.9739868138567545;0;0.0010056733153760433;0.0246614757925272;0.0003460370353423059
12:27:54.1765106874;0.9796042904781643;0;0.0007587103173136711;0.019277174025774002;0.0003598251787479967
12:27:54.1765106874;0.9830115287913941;0;0.0007422106573358178;0.015946991741657257;0.000299209204968065
12:27:55.1765106875;0.9817413625714835;0;0.0009925246704369783;0.016878357157111168;0.0003877556009683758
12:27:55.1765106875;0.9810261444945354;0;0.000959252065513283;0.01764274761080742;0.0003718558291438967
12:27:55.1765106875;0.9831310520530678;0;0.0008385788532905281;0.015719613060355186;0.0003107560332864523
12:27:55.1765106875;0.9816661825752817;0;0.0010426390217617154;0.01699823886156082;0.0002929395413957536
12:27:55.1765106875;0.9836204725725111;0;0.0011553562944754958;0.01492698211222887;0.00029718902078457177
12:27:56.1765106876;0.9812531484931242;0;0.001336524961516261;0.017110880464315414;0.0002994460810441524
12:27:56.1765106876;0.9816890820220578;0;0.0015369816683232784;0.016524387523531914;0.0002496679953765124
12:27:56.1765106876;0.9807343223365024;0;0.0015239103231579065;0.017538471147418022;0.0002032961929216981
12:27:56.1765106876;0.9847728471504524;0;0.0011741305934265256;0.013826335780322552;0.00022668647579848766
12:27:56.1765106876;0.9843755100737326;0;0.0009902347810566425;0.014439481310546398;0.0001946546253748238
12:27:57.1765106877;0.9787415390310343;0;0.0014772957656532526;0.019553611055016518;0.00022755414829589427
12:27:57.1765106877;0.9949905650646542;0;0.0003127568052150309;0.004615854937583208;8.070398325799033e-05
12:27:57.1765106877;0.6680789370730054;0;0.0011304940562695265;0.3303721845149994;0.0004183843557257205
12:27:57.1765106877;0.5194844465877395;0;0.0001565065758768469;0.4791054129600525;0.0012536338763311505
12:27:58.1765106878;0.654079006460961;0;0.00018568075029179454;0.3448425829410553;0.0008927298476919532
12:27:58.1765106878;0.3264184162253514;0;0.00021604618814308196;0.6731745004653931;0.00019091791182290763
12:27:58.1765106878;0.3951672646799125;0;0.0005015227943658829;0.6036362648010254;0.0006949477246962488
12:27:58.1765106878;0.10526150069199502;0;0.00028940034098923206;0.891383171081543;0.0030660470947623253
12:27:58.1765106878;0.16718676741584204;0;0.00042337962076999247;0.8250178098678589;0.007371983490884304
12:27:59.1765106879;0.12006197811570019;0;0.0010386417852714658;0.8766674995422363;0.0022318209521472454
12:27:59.1765106879;0.3522898170631379;0;0.0012495603878051043;0.6228422522544861;0.023618489503860474
12:27:59.1765106879;0.48617644142359495;0;0.0010918574407696724;0.45004498958587646;0.06268683075904846
12:27:59.1765106879;0.9015465471893549;0;0.0009372755885124207;0.07351431250572205;0.024001864716410637
12:27:59.1765106879;0.9723291246918961;0;0.0006028740899637341;0.012418566271662712;0.014649375341832638
12:28:00.1765106880;0.9922876770142466;0;0.0003144557122141123;0.0034577115438878536;0.003940155729651451
12:28:00.1765106880;0.9947212566039525;0;0.0005433052428998053;0.002037969883531332;0.002697587478905916
12:28:00.1765106880;0.9971103382413276;0;0.0005749010597355664;0.0013117928756400943;0.00100290821865201
12:28:00.1765106880;0.999195730444626;0;0.0002403673279331997;0.00024531965027563274;0.0003185825771652162
12:28:00.1765106880;0.9996404025805532;0;0.0001378574233967811;8.883681584848091e-05;0.0001329031802015379
12:28:01.1765106881;0.9997492106194841;0;0.00010596357606118545;6.402606959454715e-05;8.091894414974377e-05
12:28:01.1765106881;0.9998661911085946;0;4.960515070706606e-05;4.5885401050327346e-05;3.8199130358407274e-05
12:28:01.1765106881;0.9998146795696812;0;8.070924377534539e-05;6.38291603536345e-05;4.102044476894662e-05
12:28:01.1765106881;0.9998467079130933;0;9.586192027200013e-05;1.8112965335603803e-05;3.919799200957641e-05
12:28:01.1765106881;0.9999025115303084;0;2.3356124074780382e-05;2.1541207388509065e-05;5.271034751785919e-05
12:28:02.1765106882;0.9999753557557938;0;8.862716640578583e-06;7.881254191488551e-07;1.4993402146501467e-05
12:28:02.1765106882;0.999974675261285;0;6.791086889279541e-06;8.375206448363315e-07;1.7815340470406227e-05
12:28:02.1765106882;0.9999683630758227;0;5.2796963245782536e-06;2.622950432851212e-06;2.3734277419862337e-05
12:28:02.1765106882;0.9999934685876184;0;8.438157124146528e-07;2.0683562240719766e-07;5.4807610467833e-06
12:28:02.1765106882;0.9999924697176965;0;1.3369441376198665e-06;1.2724542841624498e-07;6.0660927374556195e-06
12:28:03.1765106883;0.9999925966987391;0;1.308814262301894e-06;7.872524321328456e-08;6.134971044957638e-06
12:28:03.1765106883;0.9999893335634624;0;8.428975206697942e-07;2.489526877980097e-07;9.57458632910857e-06
12:28:03.1765106883;0.9999902663787701;0;7.70192627896904e-07;5.909348388399849e-08;8.904335118131712e-06
12:28:03.1765106883;0.999994237270112;0;6.964352223803871e-07;4.236916950617342e-08;4.964320851286175e-06
12:28:03.1765106883;0.9999945462119157;0;6.65418724565825e-07;4.231541339549949e-08;4.686449301516404e-06
12:28:04.1765106884;0.9999887222638151;0;6.202350846251647e-07;5.7253039642546355e-08;1.071945735020563e-05
12:28:04.1765106884;0.9999906527939473;0;4.90994125357247e-07;3.519652835848319e-08;8.821015399007592e-06
12:28:04.1765106884;0.9999908405496711;0;5.359696046980389e-07;5.897648236441455e-08;8.564504241803661e-06
12:28:04.1765106884;0.9999967562207495;0;3.043715253170376e-07;2.332101090019023e-08;3.035296003872645e-06
12:28:04.1765106884;0.9999952338121307;0;3.5549146559787914e-07;2.1111629777692542e-08;4.38958477388951e-06
12:28:05.1765106885;0.9999950918499749;0;1.8329322415411298e-07;1.6523692636383203e-08;4.827542397833895e-06
12:28:05.1765106885;0.9999974232829079;0;2.4154377342711086e-07;1.8805591750492567e-08;2.1971584374114173e-06
12:28:05.1765106885;0.9999988196367235;0;1.1785535036779038e-07;8.78464501141707e-09;9.941186362993903e-07
12:28:05.1765106885;0.9999987988774333;0;2.880033491692302e-07;1.8396187684288634e-08;1.0139323194380268e-06
12:28:05.1765106885;0.9999955562377068;0;2.6844071498999256e-07;3.865500275423983e-08;4.017457285954151e-06
12:28:06.1765106886;0.9999987052073891;0;1.0613783985036207e-07;1.3662194930930127e-08;1.2942018656758592e-06
12:28:06.1765106886;0.9999996521966388;0;4.2084256079988336e-08;5.786510826055746e-09;1.8072330476570642e-07
12:28:06.1765106886;0.9999991075613863;0;2.9245865107441205e-07;6.852020106862255e-08;6.506690510832414e-07
12:28:06.1765106886;0.9999977498850043;0;1.797673689907242e-07;4.87923799141754e-08;1.9619506019807886e-06
12:28:06.1765106886;0.9999994318517622;0;8.435822707042462e-08;1.9448798127541522e-08;4.643412125915347e-07
12:28:07.1765106887;0.9999997880452525;0;3.73497570649306e-08;5.114265011485486e-09;1.0988608067918904e-07
12:28:07.1765106887;0.9999996968301446;0;8.174260557325397e-08;2.0360737096325465e-08;3.2027580232352193e-07
12:28:07.1765106887;0.999997814800615;0;1.9821663954644464e-07;2.9073937923840276e-08;1.8983041627507191e-06
12:28:07.1765106887;0.9999962294109466;0;5.543694214793504e-07;1.1800842258935518e-07;3.098211209362489e-06
12:28:07.1765106887;0.9999993264169103;0;1.23401832752279e-07;1.970204444035062e-08;5.304792125571112e-07
12:28:08.1765106888;0.9999999417528421;0;1.0533245387023271e-08;1.5291640176329224e-09;4.618474847006837e-08
12:28:08.1765106888;0.9999981736612469;0;2.627755009143584e-07;3.930913550220794e-08;1.5242541167026502e-06
12:28:08.1765106888;0.9999992663813062;0;1.2812418503926892e-07;1.2950354566498845e-08;5.925441541876353e-07
12:28:08.1765106888;0.9999990408989117;0;1.1024878432408514e-07;1.9440202336795664e-08;7.102028121153126e-07
12:28:08.1765106888;0.9999999178888316;0;1.0007513928655953e-08;1.796772397533175e-09;7.03068820939734e-08
12:28:09.1765106889;0.9999995515404718;0;5.854748508227203e-08;7.475233765319445e-09;3.228321645565302e-07
12:28:09.1765106889;0.9999986192607402;0;1.937374918270507e-07;2.3052390218936125e-08;1.1043447329939227e-06
12:28:09.1765106889;0.999999507645871;0;4.303866418808866e-08;9.424596214557823e-09;3.8028622384445043e-07
12:28:09.1765106889;0.999999733019389;0;3.102892165429694e-08;5.4044457797886025e-09;2.3054724351823097e-07
12:28:09.1765106889;0.9999961771727186;0;1.645798306526558e-06;1.7085260139992897e-07;2.1253856630210066e-06
12:28:10.1765106890;0.999998478771893;0;3.158557717597432e-07;8.573285725788082e-08;1.0004301884691813e-06
12:28:10.1765106890;0.9999845671512162;0;1.997509116336005e-06;9.1436066895767e-07;1.2520978998509236e-05
12:28:10.1765106890;0.9999842826681515;0;2.8694860247924225e-06;1.010458504424605e-06;1.16585733849206e-05
12:28:10.1765106890;0.9999899444343328;0;2.8735073556163115e-06;5.495436425917433e-07;6.632514669036027e-06
